,Accuracy,Precision,Recall,F1-Score,ROC AUC
Single Model,0.5378809663856392,0.5299585914078556,0.5378809663856392,0.5261897704235994,0.7218285256288729
